{
  "train_loss": [
    0.018260171969933302,
    0.009976058795071735,
    0.009729958031567986,
    0.00986757917937284,
    0.009693493638413181,
    0.00947586088434679,
    0.009630446279808837,
    0.00969961551389527,
    0.009344037044116765,
    0.009307205848172944,
    0.00909699908918051,
    0.008908260934734107,
    0.009099173732035584,
    0.008918501243679823,
    0.008775880262109735,
    0.008850831460828582,
    0.008757667607386355,
    0.008701760166635117,
    0.008565887696364433,
    0.008570454544069357
  ],
  "val_auprc": [
    0.014273739716439174,
    0.015595293295452305,
    0.018314654790048596,
    0.019773682178362506,
    0.02084783507784048,
    0.020461593702898843,
    0.018841816063141215,
    0.0202562754204611,
    0.020733649058230937,
    0.020819227417019828,
    0.02245693413241194,
    0.02177205907195511,
    0.020568395044992884,
    0.020963452519956613,
    0.020831374965693282,
    0.020488768415248902,
    0.020794774063693768,
    0.021173249952374122,
    0.020767143322135903,
    0.02080466581514679
  ],
  "lr": [
    0.00035000000000000005,
    0.0004959343968081892,
    0.0004868130725574932,
    0.00047186062452290355,
    0.0004514452315993619,
    0.0004260695885154503,
    0.0003963585278208258,
    0.00036304363443514717,
    0.00032694523159936196,
    0.00028895218179501755,
    0.00025000000000000006,
    0.0002110478182049826,
    0.0001730547684006381,
    0.00013695636556485287,
    0.00010364147217917422,
    7.393041148454969e-05,
    4.855476840063811e-05,
    2.8139375477096422e-05,
    1.3186927442506772e-05,
    4.065603191810723e-06
  ]
}